{
    "drivers": [
        {
            "driver_name": "Sebastian Vettel",
            "driver_number": "1",
            "driver_team": "Aston Martin"
        },
        {
            "driver_name": "Max Verstappen",
            "driver_number": "1",
            "driver_team": "Sergio Pérez"
        },
        {
            "driver_name": "Stoffel Vandoorne",
            "driver_number": "2",
            "driver_team": "Nyck de Vries"
        },
        {
            "driver_name": "Logan Sargeant",
            "driver_number": "2",
            "driver_team": "Alexander Albon"
        },
        {
            "driver_name": "Daniel Ricciardo",
            "driver_number": "3",
            "driver_team": "Cunoda Júki"
        },
        {
            "driver_name": "Max Chilton",
            "driver_number": "4",
            "driver_team": "Carlin"
        },
        {
            "driver_name": "Sebastian Vettel",
            "driver_number": "5",
            "driver_team": "Aston Martin"
        },
        {
            "driver_name": "Nico Rosberg",
            "driver_number": "5",
            "driver_team": "Mercedes"
        },
        {
            "driver_name": "Nicholas Latifi",
            "driver_number": "5",
            "driver_team": "Alexander Albon"
        },
        {
            "driver_name": "Kimi Räikkönen",
            "driver_number": "7",
            "driver_team": "Alfa Romeo"
        },
        {
            "driver_name": "Romain Grosjean",
            "driver_number": "8",
            "driver_team": "Haas"
        },
        {
            "driver_name": "Marcus Ericsson",
            "driver_number": "9",
            "driver_team": "Sauber"
        },
        {
            "driver_name": "Nyikita Mazepin",
            "driver_number": "9",
            "driver_team": "Haas"
        },
        {
            "driver_name": "Kobajasi Kamui",
            "driver_number": "10",
            "driver_team": "Caterham"
        },
        {
            "driver_name": "Pierre Gasly",
            "driver_number": "10",
            "driver_team": "Esteban Ocon"
        },
        {
            "driver_name": "Sergio Pérez",
            "driver_number": "11",
            "driver_team": "Max Verstappen"
        },
        {
            "driver_name": "Felipe Nasr",
            "driver_number": "12",
            "driver_team": "Sauber"
        },
        {
            "driver_name": "Pastor Maldonado",
            "driver_number": "13",
            "driver_team": "Lotus"
        },
        {
            "driver_name": "Fernando Alonso",
            "driver_number": "14",
            "driver_team": "Lance Stroll"
        },
        {
            "driver_name": "Charles Leclerc",
            "driver_number": "16",
            "driver_team": "Carlos Sainz Jr."
        },
        {
            "driver_name": "Lance Stroll",
            "driver_number": "18",
            "driver_team": "Fernando Alonso"
        },
        {
            "driver_name": "Felipe Massa",
            "driver_number": "19",
            "driver_team": "Williams"
        },
        {
            "driver_name": "Kevin Magnussen",
            "driver_number": "20",
            "driver_team": "Nico Hülkenberg"
        },
        {
            "driver_name": "Esteban Gutiérrez",
            "driver_number": "21",
            "driver_team": "Mercedes"
        },
        {
            "driver_name": "Nyck de Vries",
            "driver_number": "21",
            "driver_team": "AlphaTauri"
        },
        {
            "driver_name": "Jenson Button",
            "driver_number": "22",
            "driver_team": "McLaren"
        },
        {
            "driver_name": "Cunoda Júki",
            "driver_number": "22",
            "driver_team": "Daniel Ricciardo"
        },
        {
            "driver_name": "Alexander Albon",
            "driver_number": "23",
            "driver_team": "Logan Sargeant"
        },
        {
            "driver_name": "Csou Kuan-jü",
            "driver_number": "24",
            "driver_team": "Valtteri Bottas"
        },
        {
            "driver_name": "Jean-Éric Vergne",
            "driver_number": "25",
            "driver_team": "António Félix da Costa"
        },
        {
            "driver_name": "Danyiil Kvjat",
            "driver_number": "26",
            "driver_team": "AlphaTauri"
        },
        {
            "driver_name": "Nico Hülkenberg",
            "driver_number": "27",
            "driver_team": "Kevin Magnussen"
        },
        {
            "driver_name": "Will Stevens",
            "driver_number": "28",
            "driver_team": "Manor-Marussia"
        },
        {
            "driver_name": "Brendon Hartley",
            "driver_number": "28",
            "driver_team": "Toro Rosso"
        },
        {
            "driver_name": "Jolyon Palmer",
            "driver_number": "30",
            "driver_team": "Renault"
        },
        {
            "driver_name": "Esteban Ocon",
            "driver_number": "31",
            "driver_team": "Pierre Gasly"
        },
        {
            "driver_name": "Max Verstappen",
            "driver_number": "33",
            "driver_team": "Sergio Pérez"
        },
        {
            "driver_name": "Nyck de Vries",
            "driver_number": "33",
            "driver_team": "AlphaTauri"
        },
        {
            "driver_name": "Szergej Szirotkin",
            "driver_number": "35",
            "driver_team": "Williams"
        },
        {
            "driver_name": "Antonio Giovinazzi",
            "driver_number": "36",
            "driver_team": "Haas"
        },
        {
            "driver_name": "Oliver Bearman",
            "driver_number": "38",
            "driver_team": "Andrea Kimi Antonelli"
        },
        {
            "driver_name": "Brendon Hartley",
            "driver_number": "39",
            "driver_team": "Toro Rosso"
        },
        {
            "driver_name": "Paul di Resta",
            "driver_number": "40",
            "driver_team": "Williams"
        },
        {
            "driver_name": "Liam Lawson",
            "driver_number": "40",
            "driver_team": "AlphaTauri"
        },
        {
            "driver_name": "Lewis Hamilton",
            "driver_number": "44",
            "driver_team": "George Russell"
        },
        {
            "driver_name": "André Lotterer",
            "driver_number": "45",
            "driver_team": "Andretti Autosport"
        },
        {
            "driver_name": "Nyck de Vries",
            "driver_number": "45",
            "driver_team": "AlphaTauri"
        },
        {
            "driver_name": "Will Stevens",
            "driver_number": "46",
            "driver_team": "Manor-Marussia"
        },
        {
            "driver_name": "Stoffel Vandoorne",
            "driver_number": "47",
            "driver_team": "Nyck de Vries"
        },
        {
            "driver_name": "Mick Schumacher",
            "driver_number": "47",
            "driver_team": "Mercedes"
        },
        {
            "driver_name": "Pietro Fittipaldi",
            "driver_number": "51",
            "driver_team": "Haas"
        },
        {
            "driver_name": "Alexander Rossi",
            "driver_number": "53",
            "driver_team": "Arrow McLaren"
        },
        {
            "driver_name": "Carlos Sainz Jr.",
            "driver_number": "55",
            "driver_team": "Charles Leclerc"
        },
        {
            "driver_name": "George Russell",
            "driver_number": "63",
            "driver_team": "Lewis Hamilton"
        },
        {
            "driver_name": "Valtteri Bottas",
            "driver_number": "77",
            "driver_team": "Csou Kuan-jü"
        },
        {
            "driver_name": "Oscar Piastri",
            "driver_number": "81",
            "driver_team": "Lando Norris"
        },
        {
            "driver_name": "Rio Haryanto",
            "driver_number": "88",
            "driver_team": "Manor"
        },
        {
            "driver_name": "Robert Kubica",
            "driver_number": "88",
            "driver_team": "Alfa Romeo"
        },
        {
            "driver_name": "Jack Aitken",
            "driver_number": "89",
            "driver_team": "Williams"
        },
        {
            "driver_name": "Pascal Wehrlein",
            "driver_number": "94",
            "driver_team": "António Félix da Costa"
        },
        {
            "driver_name": "Roberto Merhi",
            "driver_number": "98",
            "driver_team": "Manor-Marussia"
        },
        {
            "driver_name": "Adrian Sutil",
            "driver_number": "99",
            "driver_team": "Sauber"
        },
        {
            "driver_name": "Antonio Giovinazzi",
            "driver_number": "99",
            "driver_team": "Haas"
        }
    ],
    "images": [
        {
            "image": "not_identified\\20px-cscr-featured.svg.png",
            "resolution": "20x19",
            "image_size": "1238 bytes",
            "image_extension": "png"
        },
        {
            "image": "not_identified\\180px-f1.svg.png",
            "resolution": "180x45",
            "image_size": "1484 bytes",
            "image_extension": "png"
        },
        {
            "image": "not_identified\\22px-flag_of_italy.svg.png",
            "resolution": "22x15",
            "image_size": "297 bytes",
            "image_extension": "png"
        },
        {
            "image": "not_identified\\22px-flag_of_the_netherlands.svg.png",
            "resolution": "22x15",
            "image_size": "290 bytes",
            "image_extension": "png"
        },
        {
            "image": "not_identified\\22px-flag_of_austria.svg.png",
            "resolution": "22x15",
            "image_size": "283 bytes",
            "image_extension": "png"
        },
        {
            "image": "identified\\240px-jenson_button_2006.jpg",
            "resolution": "240x211",
            "image_size": "14189 bytes",
            "image_extension": "jpeg"
        },
        {
            "image": "not_identified\\14px-searchtool_right.svg.png",
            "resolution": "14x14",
            "image_size": "548 bytes",
            "image_extension": "png"
        },
        {
            "image": "not_identified\\14px-searchtool_right.svg.png",
            "resolution": "14x14",
            "image_size": "548 bytes",
            "image_extension": "png"
        },
        {
            "image": "not_identified\\280px-formula_1_all_over_the_world-2024.svg.png",
            "resolution": "280x142",
            "image_size": "25530 bytes",
            "image_extension": "png"
        },
        {
            "image": "not_identified\\280px-formula_one.jpg",
            "resolution": "280x193",
            "image_size": "19598 bytes",
            "image_extension": "jpeg"
        },
        {
            "image": "not_identified\\280px-monaco_680.jpg",
            "resolution": "280x210",
            "image_size": "26447 bytes",
            "image_extension": "jpeg"
        },
        {
            "image": "not_identified\\14px-searchtool_right.svg.png",
            "resolution": "14x14",
            "image_size": "548 bytes",
            "image_extension": "png"
        },
        {
            "image": "not_identified\\250px-monza_aerial_photo.jpg",
            "resolution": "250x166",
            "image_size": "20715 bytes",
            "image_extension": "jpeg"
        },
        {
            "image": "not_identified\\240px-interlagos_2006_aerial.jpg",
            "resolution": "240x135",
            "image_size": "18267 bytes",
            "image_extension": "jpeg"
        },
        {
            "image": "not_identified\\250px-eau_rouge_1997.jpg",
            "resolution": "250x173",
            "image_size": "16976 bytes",
            "image_extension": "jpeg"
        },
        {
            "image": "not_identified\\14px-searchtool_right.svg.png",
            "resolution": "14x14",
            "image_size": "548 bytes",
            "image_extension": "png"
        },
        {
            "image": "not_identified\\14px-searchtool_right.svg.png",
            "resolution": "14x14",
            "image_size": "548 bytes",
            "image_extension": "png"
        },
        {
            "image": "identified\\150px-michael_schumacher-i%27m_the_man_%28cropped%29.jpg",
            "resolution": "150x203",
            "image_size": "13832 bytes",
            "image_extension": "jpeg"
        },
        {
            "image": "not_identified\\150px-juan_manuel_fangio_%28circa_1952%29.jpg",
            "resolution": "150x224",
            "image_size": "13107 bytes",
            "image_extension": "jpeg"
        },
        {
            "image": "identified\\200px-dtm_car_mercedes2006_haekkinen_racing.jpg",
            "resolution": "200x94",
            "image_size": "6877 bytes",
            "image_extension": "jpeg"
        },
        {
            "image": "not_identified\\14px-searchtool_right.svg.png",
            "resolution": "14x14",
            "image_size": "548 bytes",
            "image_extension": "png"
        },
        {
            "image": "not_identified\\22px-flag_of_germany.svg.png",
            "resolution": "22x13",
            "image_size": "305 bytes",
            "image_extension": "png"
        },
        {
            "image": "not_identified\\22px-flag_of_the_netherlands.svg.png",
            "resolution": "22x15",
            "image_size": "290 bytes",
            "image_extension": "png"
        },
        {
            "image": "not_identified\\22px-flag_of_belgium.svg.png",
            "resolution": "22x19",
            "image_size": "300 bytes",
            "image_extension": "png"
        },
        {
            "image": "not_identified\\22px-flag_of_the_united_states.svg.png",
            "resolution": "22x12",
            "image_size": "536 bytes",
            "image_extension": "png"
        },
        {
            "image": "not_identified\\22px-flag_of_australia.svg.png",
            "resolution": "22x11",
            "image_size": "580 bytes",
            "image_extension": "png"
        },
        {
            "image": "not_identified\\22px-flag_of_the_united_kingdom_%281-2%29.svg.png",
            "resolution": "22x11",
            "image_size": "549 bytes",
            "image_extension": "png"
        },
        {
            "image": "not_identified\\22px-flag_of_germany.svg.png",
            "resolution": "22x13",
            "image_size": "305 bytes",
            "image_extension": "png"
        },
        {
            "image": "not_identified\\22px-flag_of_canada.svg.png",
            "resolution": "22x11",
            "image_size": "464 bytes",
            "image_extension": "png"
        },
        {
            "image": "not_identified\\22px-flag_of_finland.svg.png",
            "resolution": "22x13",
            "image_size": "316 bytes",
            "image_extension": "png"
        },
        {
            "image": "not_identified\\22px-flag_of_france.svg.png",
            "resolution": "22x15",
            "image_size": "297 bytes",
            "image_extension": "png"
        },
        {
            "image": "not_identified\\22px-flag_of_sweden.svg.png",
            "resolution": "22x14",
            "image_size": "319 bytes",
            "image_extension": "png"
        },
        {
            "image": "not_identified\\22px-flag_of_russia.svg.png",
            "resolution": "22x15",
            "image_size": "290 bytes",
            "image_extension": "png"
        },
        {
            "image": "not_identified\\22px-flag_of_japan.svg.png",
            "resolution": "22x15",
            "image_size": "392 bytes",
            "image_extension": "png"
        },
        {
            "image": "not_identified\\22px-flag_of_france.svg.png",
            "resolution": "22x15",
            "image_size": "297 bytes",
            "image_extension": "png"
        },
        {
            "image": "not_identified\\22px-flag_of_mexico.svg.png",
            "resolution": "22x13",
            "image_size": "425 bytes",
            "image_extension": "png"
        },
        {
            "image": "not_identified\\22px-flag_of_brazil.svg.png",
            "resolution": "22x15",
            "image_size": "637 bytes",
            "image_extension": "png"
        },
        {
            "image": "not_identified\\22px-flag_of_venezuela_%28state%29.svg.png",
            "resolution": "22x15",
            "image_size": "429 bytes",
            "image_extension": "png"
        },
        {
            "image": "not_identified\\22px-flag_of_spain.svg.png",
            "resolution": "22x15",
            "image_size": "454 bytes",
            "image_extension": "png"
        },
        {
            "image": "not_identified\\22px-flag_of_monaco.svg.png",
            "resolution": "22x18",
            "image_size": "282 bytes",
            "image_extension": "png"
        },
        {
            "image": "not_identified\\22px-flag_of_canada.svg.png",
            "resolution": "22x11",
            "image_size": "464 bytes",
            "image_extension": "png"
        },
        {
            "image": "not_identified\\22px-flag_of_brazil.svg.png",
            "resolution": "22x15",
            "image_size": "637 bytes",
            "image_extension": "png"
        },
        {
            "image": "not_identified\\22px-flag_of_denmark.svg.png",
            "resolution": "22x17",
            "image_size": "314 bytes",
            "image_extension": "png"
        },
        {
            "image": "not_identified\\22px-flag_of_mexico.svg.png",
            "resolution": "22x13",
            "image_size": "425 bytes",
            "image_extension": "png"
        },
        {
            "image": "not_identified\\22px-flag_of_the_netherlands.svg.png",
            "resolution": "22x15",
            "image_size": "290 bytes",
            "image_extension": "png"
        },
        {
            "image": "not_identified\\22px-flag_of_the_united_kingdom_%281-2%29.svg.png",
            "resolution": "22x11",
            "image_size": "549 bytes",
            "image_extension": "png"
        },
        {
            "image": "not_identified\\22px-flag_of_japan.svg.png",
            "resolution": "22x15",
            "image_size": "392 bytes",
            "image_extension": "png"
        },
        {
            "image": "not_identified\\22px-flag_of_thailand.svg.png",
            "resolution": "22x15",
            "image_size": "304 bytes",
            "image_extension": "png"
        },
        {
            "image": "not_identified\\22px-flag_of_the_people%27s_republic_of_china.svg.png",
            "resolution": "22x15",
            "image_size": "419 bytes",
            "image_extension": "png"
        },
        {
            "image": "not_identified\\22px-flag_of_france.svg.png",
            "resolution": "22x15",
            "image_size": "297 bytes",
            "image_extension": "png"
        },
        {
            "image": "not_identified\\22px-flag_of_russia.svg.png",
            "resolution": "22x15",
            "image_size": "290 bytes",
            "image_extension": "png"
        },
        {
            "image": "not_identified\\22px-flag_of_germany.svg.png",
            "resolution": "22x13",
            "image_size": "305 bytes",
            "image_extension": "png"
        },
        {
            "image": "not_identified\\22px-flag_of_the_united_kingdom_%281-2%29.svg.png",
            "resolution": "22x11",
            "image_size": "549 bytes",
            "image_extension": "png"
        },
        {
            "image": "not_identified\\22px-flag_of_new_zealand.svg.png",
            "resolution": "22x11",
            "image_size": "549 bytes",
            "image_extension": "png"
        },
        {
            "image": "not_identified\\22px-flag_of_the_united_kingdom_%281-2%29.svg.png",
            "resolution": "22x11",
            "image_size": "549 bytes",
            "image_extension": "png"
        },
        {
            "image": "not_identified\\22px-flag_of_france.svg.png",
            "resolution": "22x15",
            "image_size": "297 bytes",
            "image_extension": "png"
        },
        {
            "image": "not_identified\\22px-flag_of_the_netherlands.svg.png",
            "resolution": "22x15",
            "image_size": "290 bytes",
            "image_extension": "png"
        },
        {
            "image": "not_identified\\22px-flag_of_russia.svg.png",
            "resolution": "22x15",
            "image_size": "290 bytes",
            "image_extension": "png"
        },
        {
            "image": "not_identified\\22px-flag_of_italy.svg.png",
            "resolution": "22x15",
            "image_size": "297 bytes",
            "image_extension": "png"
        },
        {
            "image": "not_identified\\22px-flag_of_the_united_kingdom_%281-2%29.svg.png",
            "resolution": "22x11",
            "image_size": "549 bytes",
            "image_extension": "png"
        },
        {
            "image": "not_identified\\22px-flag_of_new_zealand.svg.png",
            "resolution": "22x11",
            "image_size": "549 bytes",
            "image_extension": "png"
        },
        {
            "image": "not_identified\\22px-flag_of_the_united_kingdom_%281-2%29.svg.png",
            "resolution": "22x11",
            "image_size": "549 bytes",
            "image_extension": "png"
        },
        {
            "image": "not_identified\\22px-flag_of_new_zealand.svg.png",
            "resolution": "22x11",
            "image_size": "549 bytes",
            "image_extension": "png"
        },
        {
            "image": "not_identified\\22px-flag_of_the_united_kingdom_%281-2%29.svg.png",
            "resolution": "22x11",
            "image_size": "549 bytes",
            "image_extension": "png"
        },
        {
            "image": "not_identified\\22px-flag_of_belgium.svg.png",
            "resolution": "22x19",
            "image_size": "300 bytes",
            "image_extension": "png"
        },
        {
            "image": "not_identified\\22px-flag_of_the_netherlands.svg.png",
            "resolution": "22x15",
            "image_size": "290 bytes",
            "image_extension": "png"
        },
        {
            "image": "not_identified\\22px-flag_of_the_united_kingdom_%281-2%29.svg.png",
            "resolution": "22x11",
            "image_size": "549 bytes",
            "image_extension": "png"
        },
        {
            "image": "not_identified\\22px-flag_of_belgium.svg.png",
            "resolution": "22x19",
            "image_size": "300 bytes",
            "image_extension": "png"
        },
        {
            "image": "not_identified\\22px-flag_of_germany.svg.png",
            "resolution": "22x13",
            "image_size": "305 bytes",
            "image_extension": "png"
        },
        {
            "image": "not_identified\\22px-flag_of_brazil.svg.png",
            "resolution": "22x15",
            "image_size": "637 bytes",
            "image_extension": "png"
        },
        {
            "image": "not_identified\\22px-flag_of_the_united_states.svg.png",
            "resolution": "22x12",
            "image_size": "536 bytes",
            "image_extension": "png"
        },
        {
            "image": "not_identified\\22px-flag_of_spain.svg.png",
            "resolution": "22x15",
            "image_size": "454 bytes",
            "image_extension": "png"
        },
        {
            "image": "not_identified\\22px-flag_of_the_united_kingdom_%281-2%29.svg.png",
            "resolution": "22x11",
            "image_size": "549 bytes",
            "image_extension": "png"
        },
        {
            "image": "not_identified\\22px-flag_of_finland.svg.png",
            "resolution": "22x13",
            "image_size": "316 bytes",
            "image_extension": "png"
        },
        {
            "image": "not_identified\\22px-flag_of_australia.svg.png",
            "resolution": "22x11",
            "image_size": "580 bytes",
            "image_extension": "png"
        },
        {
            "image": "not_identified\\22px-flag_of_indonesia.svg.png",
            "resolution": "22x15",
            "image_size": "290 bytes",
            "image_extension": "png"
        },
        {
            "image": "not_identified\\22px-flag_of_poland.svg.png",
            "resolution": "22x14",
            "image_size": "282 bytes",
            "image_extension": "png"
        },
        {
            "image": "not_identified\\22px-flag_of_the_united_kingdom_%281-2%29.svg.png",
            "resolution": "22x11",
            "image_size": "549 bytes",
            "image_extension": "png"
        },
        {
            "image": "not_identified\\22px-flag_of_germany.svg.png",
            "resolution": "22x13",
            "image_size": "305 bytes",
            "image_extension": "png"
        },
        {
            "image": "not_identified\\22px-flag_of_spain.svg.png",
            "resolution": "22x15",
            "image_size": "454 bytes",
            "image_extension": "png"
        },
        {
            "image": "not_identified\\22px-flag_of_germany.svg.png",
            "resolution": "22x13",
            "image_size": "305 bytes",
            "image_extension": "png"
        },
        {
            "image": "not_identified\\22px-flag_of_italy.svg.png",
            "resolution": "22x15",
            "image_size": "297 bytes",
            "image_extension": "png"
        },
        {
            "image": "not_identified\\22px-flag_of_france.svg.png",
            "resolution": "22x15",
            "image_size": "297 bytes",
            "image_extension": "png"
        },
        {
            "image": "identified\\220px-williams_renault_fw16.jpg",
            "resolution": "220x128",
            "image_size": "12495 bytes",
            "image_extension": "jpeg"
        },
        {
            "image": "not_identified\\14px-searchtool_right.svg.png",
            "resolution": "14x14",
            "image_size": "548 bytes",
            "image_extension": "png"
        },
        {
            "image": "not_identified\\14px-searchtool_right.svg.png",
            "resolution": "14x14",
            "image_size": "548 bytes",
            "image_extension": "png"
        },
        {
            "image": "identified\\200px-mosslotusclimax19610806.jpg",
            "resolution": "200x146",
            "image_size": "11465 bytes",
            "image_extension": "jpeg"
        },
        {
            "image": "identified\\200px-fernando_alonso_2007_britain.jpg",
            "resolution": "200x134",
            "image_size": "7935 bytes",
            "image_extension": "jpeg"
        },
        {
            "image": "not_identified\\14px-searchtool_right.svg.png",
            "resolution": "14x14",
            "image_size": "548 bytes",
            "image_extension": "png"
        },
        {
            "image": "not_identified\\14px-searchtool_right.svg.png",
            "resolution": "14x14",
            "image_size": "548 bytes",
            "image_extension": "png"
        },
        {
            "image": "not_identified\\230px-langh-mb-w125-1977.jpg",
            "resolution": "230x183",
            "image_size": "14460 bytes",
            "image_extension": "jpeg"
        },
        {
            "image": "not_identified\\250px-fangio-mb-w196-3lmotor-1986.jpg",
            "resolution": "250x195",
            "image_size": "16249 bytes",
            "image_extension": "jpeg"
        },
        {
            "image": "not_identified\\250px-lotus_18_and_18-21.jpg",
            "resolution": "250x187",
            "image_size": "18803 bytes",
            "image_extension": "jpeg"
        },
        {
            "image": "identified\\250px-laudaniki19760731ferrari312t2.jpg",
            "resolution": "250x176",
            "image_size": "15201 bytes",
            "image_extension": "jpeg"
        },
        {
            "image": "identified\\250px-scheckterjody1976-07-31tyrrell-fordp34.jpg",
            "resolution": "250x159",
            "image_size": "12303 bytes",
            "image_extension": "jpeg"
        },
        {
            "image": "not_identified\\250px-ayrton_senna_1988_canada.jpg",
            "resolution": "250x188",
            "image_size": "14092 bytes",
            "image_extension": "jpeg"
        },
        {
            "image": "identified\\200px-williams_fw14b.jpg",
            "resolution": "200x136",
            "image_size": "11001 bytes",
            "image_extension": "jpeg"
        },
        {
            "image": "identified\\200px-gerhard_berger_ferrari_1995.jpg",
            "resolution": "200x306",
            "image_size": "26162 bytes",
            "image_extension": "jpeg"
        },
        {
            "image": "identified\\250px-michael_schumacher_canada_2006.jpg",
            "resolution": "250x167",
            "image_size": "16985 bytes",
            "image_extension": "jpeg"
        },
        {
            "image": "identified\\250px-fernando_alonso_2006_canada.jpg",
            "resolution": "250x167",
            "image_size": "18922 bytes",
            "image_extension": "jpeg"
        },
        {
            "image": "not_identified\\260px-buemi_spain_2009.jpg",
            "resolution": "260x142",
            "image_size": "13223 bytes",
            "image_extension": "jpeg"
        },
        {
            "image": "not_identified\\200px-toyota_f1_steering_wheel.jpg",
            "resolution": "n/a",
            "image_size": "2223 bytes",
            "image_extension": "jpg"
        },
        {
            "image": "not_identified\\200px-alfetta_159_steering_wheel.jpg",
            "resolution": "200x133",
            "image_size": "9781 bytes",
            "image_extension": "jpeg"
        },
        {
            "image": "not_identified\\230px-2005_a1gp_brands_hatch_katsuake_kubota_lotus_78.jpg",
            "resolution": "230x160",
            "image_size": "10447 bytes",
            "image_extension": "jpeg"
        },
        {
            "image": "not_identified\\230px-mclaren_m7c.jpg",
            "resolution": "230x172",
            "image_size": "18076 bytes",
            "image_extension": "jpeg"
        },
        {
            "image": "identified\\170px-brm_h16_engine.jpg",
            "resolution": "170x133",
            "image_size": "11982 bytes",
            "image_extension": "jpeg"
        },
        {
            "image": "identified\\170px-honda_ra168e_engine_honda_collection_hall.jpg",
            "resolution": "170x163",
            "image_size": "13667 bytes",
            "image_extension": "jpeg"
        },
        {
            "image": "identified\\170px-ferrari_054_v10_engine.jpg",
            "resolution": "170x140",
            "image_size": "11532 bytes",
            "image_extension": "jpeg"
        },
        {
            "image": "identified\\170px-renault_rs26_engine_2006.jpg",
            "resolution": "170x145",
            "image_size": "11308 bytes",
            "image_extension": "jpeg"
        },
        {
            "image": "not_identified\\50px-korrekt%c3%bara.svg.png",
            "resolution": "50x31",
            "image_size": "2860 bytes",
            "image_extension": "png"
        },
        {
            "image": "not_identified\\220px-f1_whitestripetyres.jpg",
            "resolution": "220x217",
            "image_size": "17332 bytes",
            "image_extension": "jpeg"
        },
        {
            "image": "not_identified\\22px-flag_of_the_united_states.svg.png",
            "resolution": "22x12",
            "image_size": "536 bytes",
            "image_extension": "png"
        },
        {
            "image": "not_identified\\22px-flag_of_japan.svg.png",
            "resolution": "22x15",
            "image_size": "392 bytes",
            "image_extension": "png"
        },
        {
            "image": "not_identified\\22px-flag_of_france.svg.png",
            "resolution": "22x15",
            "image_size": "297 bytes",
            "image_extension": "png"
        },
        {
            "image": "not_identified\\22px-flag_of_the_united_kingdom_%283-5%29.svg.png",
            "resolution": "22x13",
            "image_size": "791 bytes",
            "image_extension": "png"
        },
        {
            "image": "not_identified\\22px-flag_of_the_united_states.svg.png",
            "resolution": "22x12",
            "image_size": "536 bytes",
            "image_extension": "png"
        },
        {
            "image": "not_identified\\22px-flag_of_italy.svg.png",
            "resolution": "22x15",
            "image_size": "297 bytes",
            "image_extension": "png"
        },
        {
            "image": "not_identified\\22px-flag_of_germany.svg.png",
            "resolution": "22x13",
            "image_size": "305 bytes",
            "image_extension": "png"
        },
        {
            "image": "not_identified\\22px-flag_of_belgium_%28civil%29.svg.png",
            "resolution": "22x15",
            "image_size": "300 bytes",
            "image_extension": "png"
        },
        {
            "image": "not_identified\\22px-flag_of_the_united_kingdom_%283-5%29.svg.png",
            "resolution": "22x13",
            "image_size": "791 bytes",
            "image_extension": "png"
        },
        {
            "image": "not_identified\\200px-2006_usgp_start.jpg",
            "resolution": "n/a",
            "image_size": "2223 bytes",
            "image_extension": "jpg"
        },
        {
            "image": "not_identified\\270px-traffic_jam.jpg",
            "resolution": "270x180",
            "image_size": "12724 bytes",
            "image_extension": "jpeg"
        },
        {
            "image": "identified\\220px-alonso_renault_pitstop_chinese_gp_2008.jpg",
            "resolution": "220x147",
            "image_size": "17442 bytes",
            "image_extension": "jpeg"
        },
        {
            "image": "identified\\180px-podio.jpg",
            "resolution": "180x209",
            "image_size": "20647 bytes",
            "image_extension": "jpeg"
        },
        {
            "image": "not_identified\\180px-hockenheimring_safety_car.jpg",
            "resolution": "n/a",
            "image_size": "2223 bytes",
            "image_extension": "jpg"
        },
        {
            "image": "not_identified\\130px-hans_-_head_and_neck_safety_system.svg.png",
            "resolution": "130x152",
            "image_size": "18391 bytes",
            "image_extension": "png"
        },
        {
            "image": "not_identified\\250px-raikkonenfirman_germany2003.jpg",
            "resolution": "250x256",
            "image_size": "31869 bytes",
            "image_extension": "jpeg"
        },
        {
            "image": "flags\\200px-f1_yellow_flag_and_sc_sign.jpg",
            "resolution": "200x163",
            "image_size": "18542 bytes",
            "image_extension": "jpeg"
        },
        {
            "image": "flags\\200px-f1_green_flag.jpg",
            "resolution": "n/a",
            "image_size": "2223 bytes",
            "image_extension": "jpg"
        },
        {
            "image": "flags\\42px-f1_chequered_flag.svg.png",
            "resolution": "42x33",
            "image_size": "420 bytes",
            "image_extension": "png"
        },
        {
            "image": "flags\\42px-f1_red_flag.svg.png",
            "resolution": "42x32",
            "image_size": "277 bytes",
            "image_extension": "png"
        },
        {
            "image": "flags\\42px-f1_light_blue_flag.svg.png",
            "resolution": "42x32",
            "image_size": "122 bytes",
            "image_extension": "png"
        },
        {
            "image": "flags\\42px-f1_yellow_flag.svg.png",
            "resolution": "42x32",
            "image_size": "277 bytes",
            "image_extension": "png"
        },
        {
            "image": "not_identified\\42px-f1_safety_car.png",
            "resolution": "42x26",
            "image_size": "2272 bytes",
            "image_extension": "png"
        },
        {
            "image": "flags\\42px-f1_green_flag.svg.png",
            "resolution": "42x32",
            "image_size": "277 bytes",
            "image_extension": "png"
        },
        {
            "image": "flags\\42px-f1_white_flag.svg.png",
            "resolution": "42x32",
            "image_size": "264 bytes",
            "image_extension": "png"
        },
        {
            "image": "flags\\42px-f1_yellow_flag_with_red_stripes.svg.png",
            "resolution": "42x30",
            "image_size": "313 bytes",
            "image_extension": "png"
        },
        {
            "image": "flags\\42px-f1_black_flag_with_orange_circle.svg.png",
            "resolution": "42x32",
            "image_size": "517 bytes",
            "image_extension": "png"
        },
        {
            "image": "flags\\42px-f1_black_and_white_diagonal_flag.svg.png",
            "resolution": "42x32",
            "image_size": "524 bytes",
            "image_extension": "png"
        },
        {
            "image": "not_identified\\42px-auto_racing_black.svg.png",
            "resolution": "42x32",
            "image_size": "277 bytes",
            "image_extension": "png"
        },
        {
            "image": "not_identified\\230px-formula%e2%80%931-es_csapat_k%c3%b6lts%c3%a9gvet%c3%a9se.png",
            "resolution": "230x157",
            "image_size": "24613 bytes",
            "image_extension": "png"
        },
        {
            "image": "not_identified\\200px-hillgraham19690801lotus-nordkehre.jpg",
            "resolution": "200x134",
            "image_size": "7893 bytes",
            "image_extension": "jpeg"
        },
        {
            "image": "identified\\200px-felipe_massa_2007_usa.jpg",
            "resolution": "200x133",
            "image_size": "8511 bytes",
            "image_extension": "jpeg"
        },
        {
            "image": "not_identified\\200px-rubens_barrichello_2007_usa.jpg",
            "resolution": "200x133",
            "image_size": "9667 bytes",
            "image_extension": "jpeg"
        },
        {
            "image": "not_identified\\14px-searchtool_right.svg.png",
            "resolution": "14x14",
            "image_size": "548 bytes",
            "image_extension": "png"
        },
        {
            "image": "not_identified\\22px-flag_of_argentina.svg.png",
            "resolution": "22x14",
            "image_size": "343 bytes",
            "image_extension": "png"
        },
        {
            "image": "not_identified\\22px-flag_of_denmark.svg.png",
            "resolution": "22x17",
            "image_size": "314 bytes",
            "image_extension": "png"
        },
        {
            "image": "not_identified\\22px-flag_of_south_africa.svg.png",
            "resolution": "22x15",
            "image_size": "611 bytes",
            "image_extension": "png"
        },
        {
            "image": "not_identified\\22px-flag_of_indonesia.svg.png",
            "resolution": "22x15",
            "image_size": "290 bytes",
            "image_extension": "png"
        },
        {
            "image": "not_identified\\50px-wikinews-logo.svg.png",
            "resolution": "50x27",
            "image_size": "3000 bytes",
            "image_extension": "png"
        },
        {
            "image": "not_identified\\50px-commons-logo.svg.png",
            "resolution": "50x67",
            "image_size": "2851 bytes",
            "image_extension": "png"
        },
        {
            "image": "not_identified\\19px-chequered_flag.png",
            "resolution": "19x25",
            "image_size": "1810 bytes",
            "image_extension": "png"
        }
    ],
    "flag_rules": [
        {
            "flag_href": "https://hu.wikipedia.org/wiki/F%C3%A1jl:F1_chequered_flag.svg",
            "flag_meaning": "A szabadedzésnek, az időmérő edzésnek, vagy a versenynek vége van.\n"
        },
        {
            "flag_href": "https://hu.wikipedia.org/wiki/F%C3%A1jl:F1_red_flag.svg",
            "flag_meaning": "A verseny, a szabadedzés, vagy az időmérő edzés félbeszakad.\n"
        },
        {
            "flag_href": "https://hu.wikipedia.org/wiki/F%C3%A1jl:F1_light_blue_flag.svg",
            "flag_meaning": "Figyelmezteti a lassabb versenyzőt, hogy engedje el az őt lekörözni készülőt. Ha a pilóta háromszor nem veszi figyelembe figyelmeztetést, bokszutca-áthajtásos büntetést kap. A bokszutca kijáratában lengetve: forgalom van a pályaszakaszon, kihajtásnál legyen óvatos a versenyző.\n"
        },
        {
            "flag_href": "https://hu.wikipedia.org/wiki/F%C3%A1jl:F1_yellow_flag.svg",
            "flag_meaning": "Tilos az előzés, a pályán lévő valamilyen akadály miatt. Duplán lengetve fokozott veszélyre figyelmeztet.Ha a sárga zászló mellett az VSC vagy SC táblát is mutatjhatják. Ha az SC-t mutatják akkor bejön a biztonsági autó is.\n"
        },
        {
            "flag_href": "https://hu.wikipedia.org/wiki/F%C3%A1jl:F1_green_flag.svg",
            "flag_meaning": "Ismét szabad előzni.\n"
        },
        {
            "flag_href": "https://hu.wikipedia.org/wiki/F%C3%A1jl:F1_white_flag.svg",
            "flag_meaning": "Vigyázat! A pályán lassú jármű halad.\n"
        },
        {
            "flag_href": "https://hu.wikipedia.org/wiki/F%C3%A1jl:F1_yellow_flag_with_red_stripes.svg",
            "flag_meaning": "Csúszós a pálya (olaj, eső). A zászlót 3 körön át lengetik.\n"
        },
        {
            "flag_href": "https://hu.wikipedia.org/wiki/F%C3%A1jl:F1_black_flag_with_orange_circle.svg",
            "flag_meaning": "Egy versenyzőt figyelmeztetnek, hogy technikai problémája van és a következő körben ki kell mennie a boxba. A zászló a hibás autó rajtszámát is jelzi.\n"
        },
        {
            "flag_href": "https://hu.wikipedia.org/wiki/F%C3%A1jl:F1_black_and_white_diagonal_flag.svg",
            "flag_meaning": "Egy versenyzőt a sportszerűtlen magatartásáért egyszeri alkalommal figyelmeztetnek. Ezen a zászlón is szerepel az érintett autó rajtszáma.\n"
        },
        {
            "flag_href": "https://hu.wikipedia.org/wiki/F%C3%A1jl:Auto_Racing_Black.svg",
            "flag_meaning": "Egy autót kizárnak a versenyből és haladéktalanul ki kell állnia a boxba. A zászlón szerepel az érintett rajtszáma.\n"
        }
    ]
}